[{"relation":["delegate_permission/common.handle_all_urls"],"target":{"namespace":"android_app","package_name":"player.center.pro.debug","sha256_cert_fingerprints":["46:3E:C0:CA:CC:4E:58:B4:51:A5:30:E4:22:F2:9F:97:A5:3F:16:97:FB:6D:CC:D3:F0:42:94:32:BE:4F:D9:B9"]}},{"relation":["delegate_permission/common.handle_all_urls"],"target":{"namespace":"android_app","package_name":"player.center.pro","sha256_cert_fingerprints":["31:D9:59:A3:4D:DD:01:C5:5C:DA:44:C2:A2:44:9F:21:B4:3B:B3:2E:0C:F6:F4:6F:7C:8D:6F:B2:B8:C5:6B:4C"]}}]